Id,Title,Description,link,condition,Price,Availability,Image_Link,SKU,Brand, google product catogry ,colour,Size ,gender,Age_group,alt_text,free_shipping_limit
Clothing,Bohemian Wide leg pants,Bohemian Pants,https://nyarose.com/products/bohemian-wide-leg-pants,new,25.98 USD,in stock,https://ibb.co/nc4JpSz,43578233-red-l,Nya Rose,Apparel > Adult > Pants,Red,large,Unisex,Adult,,30 USD
Clothing,Bohemian Wide leg pants,Bohemian wide leg pants with floral print design sit perfectly at the waist. Pair these effortless boho wide leg pants with any Nyarose clothing and you are ready for any adventure.,https://nyarose.com/products/bohemian-wide-leg-pants,new,25.98 USD,in stock,https://ibb.co/nc4JpSz,43578233-red-s,Nya Rose,Apparel > Adult > Pants,Red,small,unisex,Adult,,30 USD
Clothing,Bohemian Wide leg pants,. High quality Fabric,https://nyarose.com/products/bohemian-wide-leg-pants,new,25.98 USD,in stock,https://ibb.co/nc4JpSz,43578233-red-m,Nya Rose,Apparel > Adult > Pants,Red,Medium,unisex,Adult,,30 USD
Clothing,Bohemian Wide leg pants,. Beautiful Floral Design,https://nyarose.com/products/bohemian-wide-leg-pants,new,25.98 USD,in stock,https://ibb.co/nc4JpSz,43578233-red-s,Nya Rose,Apparel > Adult > Pants,Red,small,unisex,Adult,,30 USD
Clothing,Bohemian Wide leg pants,. Highwaist,https://nyarose.com/products/bohemian-wide-leg-pants,new,25.98 USD,in stock,https://ibb.co/nc4JpSz,43578233-red-m,Nya Rose,Apparel > Adult > Pants,Red,medium,unisex,Adult,,30 USD
Clothing,Bohemian Print Jumpsuit,Bohemian Jumpsuit,https://nyarose.com/products/bohemian-print-long-jumpsuit,new,25.98 USD,in stock,https://ibb.co/zZDPsSY,43187798-s-apricot,Nya Rose,Apparel > Adult > Jumpsuit,Apricot,Small,Unisex,Adult,,30 USD
Clothing,Bohemian Print Jumpsuit,. Stunning Pattern Design,https://nyarose.com/products/bohemian-print-long-jumpsuit,new,45.76 USD,in stock,https://ibb.co/zZDPsSY,43187798-m-apricot,Nya Rose,Apparel > Adult > Jumpsuit,Apricot,Medium,Unisex,Adult,,30 USD
Clothing,Bohemian Print Jumpsuit,. Wide open Leg,https://nyarose.com/products/bohemian-print-long-jumpsuit,new,45.76 USD,in stock,https://ibb.co/zZDPsSY,43187798-l-apricot,Nya Rose,Apparel > Adult > Jumpsuit,Apricot,Large,Unisex,Adult,,30 USD
Clothing,Bohemian Print Jumpsuit,Cotton Material,https://nyarose.com/products/bohemian-print-long-jumpsuit,new,45.76 USD,in stock,https://ibb.co/zZDPsSY,43187798-s-apricot,Nya Rose,Apparel > Adult > Jumpsuit,Apricot,small,Unisex,Adult,,30 USD
Clothing,Bohemian Print Jumpsuit,"This sexy wide leg cotton Jumpsuit is what every bohemian girl needs. With a beautiful deep v neck, this summer playsuit is perfect for thos festivals or days on the beach. Layer this up with one of Nya Rose Cardigans for the fall and you have an outfit that sees you through all the seasons.",https://nyarose.com/products/bohemian-print-long-jumpsuit,new,45.76 USD,in stock,https://ibb.co/zZDPsSY,43187798-m-apricot,Nya Rose,Apparel > Adult > Jumpsuit,Apricot,medium,Unisex,Adult,,30 USD
Clothing,Lazy style 3 piece Suit,Lazy Style 3 Piece Suit,https://nyarose.com/products/lazy-style-oversized-3-pieces-suits,new,43.98 USD,in stock,https://ibb.co/kQKnTQc,46317699-pink-s,Nya Rose,Apparel > Adult > 3 Piece Suit,Pink,small,Female,Adult,,30 USD
Clothing,Lazy style 3 piece Suit,. Cotton and Polyester Material,https://nyarose.com/products/lazy-style-oversized-3-pieces-suits,new,43.98 USD,in stock,https://ibb.co/kQKnTQc,46317699-pink-m,Nya Rose,Apparel > Adult > 3 Piece Suit,Pink,medium,Female,Adult,,30 USD
Clothing,Lazy style 3 piece Suit,". lightweight, Elastic Waist with wide leg Flare",https://nyarose.com/products/lazy-style-oversized-3-pieces-suits,new,43.98 USD,in stock,https://ibb.co/kQKnTQc,46317699-pink-l,Nya Rose,Apparel > Adult > 3 Piece Suit,Pink,large,Female,Adult,,30 USD
Clothing,Lazy style 3 piece Suit,. Dusty Pink and bright White,https://nyarose.com/products/lazy-style-oversized-3-pieces-suits,new,43.98 USD,in stock,https://ibb.co/kQKnTQc,46317699-pink-xl,Nya Rose,Apparel > Adult > 3 Piece Suit,Pink,x large,Female,Adult,,30 USD
Clothing,Lazy style 3 piece Suit,This fitted yet oversized 3 piece suit really is a statement piece. Use these all together or pair them with other Nya Rose apparal to create your own bohemian style. The loose look gives such a sense of freedom whilst being perfectly stylish.,https://nyarose.com/products/lazy-style-oversized-3-pieces-suits,new,43.98 USD,in stock,https://ibb.co/WyWCkKq,46317699-white-s,Nya Rose,Apparel > Adult > 3 Piece Suit,White,small,Female,Adult,,30 USD
Clothing,Lazy style 3 piece Suit,This fitted yet oversized 3 piece suit really is a statement piece. Use these all together or pair them with other Nya Rose apparal to create your own bohemian style. The loose look gives such a sense of freedom whilst being perfectly stylish.,https://nyarose.com/products/lazy-style-oversized-3-pieces-suits,new,43.98 USD,in stock,https://ibb.co/WyWCkKq,46317699-white-m,Nya Rose,Apparel > Adult > 3 Piece Suit,White,medium,Female,Adult,,30 USD
Clothing,Lazy style 3 piece Suit,This fitted yet oversized 3 piece suit really is a statement piece. Use these all together or pair them with other Nya Rose apparal to create your own bohemian style. The loose look gives such a sense of freedom whilst being perfectly stylish.,https://nyarose.com/products/lazy-style-oversized-3-pieces-suits,new,43.98 USD,in stock,https://ibb.co/WyWCkKq,46317699-white-l,Nya Rose,Apparel > Adult > 3 Piece Suit,White,large,Female,Adult,,30 USD
Clothing,Lazy style 3 piece Suit,This fitted yet oversized 3 piece suit really is a statement piece. Use these all together or pair them with other Nya Rose apparal to create your own bohemian style. The loose look gives such a sense of freedom whilst being perfectly stylish.,https://nyarose.com/products/lazy-style-oversized-3-pieces-suits,new,43.98 USD,in stock,https://ibb.co/WyWCkKq,46317699-white-xl,Nya Rose,Apparel > Adult > 3 Piece Suit,White,x large,Female,Adult,,30 USD
Clothing,Bohemian Knited Sweater,Bohemian Knitted Fall Sweater,https://nyarose.com/products/bohemian-knitted-sweater,new,62.42 USD,in stock,https://ibb.co/DVR7Ldc,46739055-s-china-white,Nya Rose,Apparel > Adult > Sweater,White,small,Female,Adult,,30 USD
Clothing,Bohemian Knited Sweater,. High quality Cotton,https://nyarose.com/products/bohemian-knitted-sweater,new,62.42 USD,in stock,https://ibb.co/DVR7Ldc,46739055-m-china-white,Nya Rose,Apparel > Adult > Sweater,White,medium,Female,Adult,,30 USD
Clothing,Bohemian Knited Sweater,. Cute detailed design,https://nyarose.com/products/bohemian-knitted-sweater,new,62.42 USD,in stock,https://ibb.co/DVR7Ldc,46739055-l-china-white,Nya Rose,Apparel > Adult > Sweater,White,large,Female,Adult,,30 USD
Clothing,Bohemian Knited Sweater,. 2 Stunning colours,https://nyarose.com/products/bohemian-knitted-sweater,new,62.42 USD,in stock,https://ibb.co/DVR7Ldc,46739055-xl-china-white,Nya Rose,Apparel > Adult > Sweater,White,x large,Female,Adult,,30 USD
Clothing,Bohemian Knited Sweater,"This cute Fall Pull over sweater is just perfect for the end of summer to fall weather. Cosy up in this light weight super cute design. Bell bottom arms, croptop style. Available in two wonderful colours. White and Burnt Orange.",https://nyarose.com/products/bohemian-knitted-sweater,new,62.42 USD,in stock,https://ibb.co/Xb6VcTP,46739055-s-china-orange,Nya Rose,Apparel > Adult > Sweater,Burnt Orange,small,Female,Adult,,30 USD
Clothing,Bohemian Knited Sweater,"This cute Fall Pull over sweater is just perfect for the end of summer to fall weather. Cosy up in this light weight super cute design. Bell bottom arms, croptop style. Available in two wonderful colours. White and Burnt Orange.",https://nyarose.com/products/bohemian-knitted-sweater,new,62.42 USD,in stock,https://ibb.co/Xb6VcTP,46739055-m-china-orange,Nya Rose,Apparel > Adult > Sweater,Burnt Orange,medium,Female,Adult,,30 USD
Clothing,Bohemian Knited Sweater,"This cute Fall Pull over sweater is just perfect for the end of summer to fall weather. Cosy up in this light weight super cute design. Bell bottom arms, croptop style. Available in two wonderful colours. White and Burnt Orange.",https://nyarose.com/products/bohemian-knitted-sweater,new,62.42 USD,in stock,https://ibb.co/Xb6VcTP,46739055-l-china-orange,Nya Rose,Apparel > Adult > Sweater,Burnt Orange,large,Female,Adult,,30 USD
Clothing,Bohemian Knited Sweater,"This cute Fall Pull over sweater is just perfect for the end of summer to fall weather. Cosy up in this light weight super cute design. Bell bottom arms, croptop style. Available in two wonderful colours. White and Burnt Orange.",https://nyarose.com/products/bohemian-knitted-sweater,new,62.42 USD,in stock,https://ibb.co/Xb6VcTP,46739055-xl-china-orange,Nya Rose,Apparel > Adult > Sweater,Burnt Orange,x large,Female,Adult,,30 USD
Clothing,Handmade Crochet Top,Handmade Crochet Croptop,https://nyarose.com/products/handmade-crochet-croptop,new,31.99 USD,in stock,https://ibb.co/khjZbry,44815173-White-s,Nya Rose,Apparel > Adult > Croptop,White,small,unisex,Adult,,30 USD
Clothing,Handmade Crochet Top,. Beautifully designed,https://nyarose.com/products/handmade-crochet-croptop,new,31.99 USD,in stock,https://ibb.co/khjZbry,44815173-White-m,Nya Rose,Apparel > Adult > Croptop,White,medium,unisex,Adult,,30 USD
Clothing,Handmade Crochet Top,. Handmade high quality Yarn,https://nyarose.com/products/handmade-crochet-croptop,new,31.99 USD,in stock,https://ibb.co/khjZbry,44815173-White-l,Nya Rose,Apparel > Adult > Croptop,White,large,unisex,Adult,,30 USD
Clothing,Handmade Crochet Top,. Lightweight and fashionable,https://nyarose.com/products/handmade-crochet-croptop,new,31.99 USD,in stock,https://ibb.co/khjZbry,44815173-White-s,Nya Rose,Apparel > Adult > Croptop,white,small,unisex,Adult,,30 USD
Clothing,Handmade Crochet Top,This stunningly handmade crochet Croptop is everything bohemian. Cute tassels that meet at the waist make this very flattering and in trend. Available in true white.,https://nyarose.com/products/handmade-crochet-croptop,new,31.99 USD,in stock,https://ibb.co/khjZbry,44815173-White-m,Nya Rose,Apparel > Adult > Croptop,Beige,medium,unisex,Adult,,30 USD
Clothing,Bohemian Rainbow Cardigan,Bohemian Rainbow Cardigan,https://nyarose.com/products/bohemian-womens-cardigan-1,new,39.76 USD,in stock,https://ibb.co/K9NPvXk,46475384-s-orange,Nya Rose,Apparel > Adult > Cardigan ,Orange,Small,unisex,Adult,,30 USD
Clothing,Bohemian Rainbow Cardigan,. High quality cotton yarn,https://nyarose.com/products/bohemian-womens-cardigan-1,new,39.76 USD,in stock,https://ibb.co/K9NPvXk,46475384-m-orange,Nya Rose,Apparel > Adult > Cardigan ,Orange,medium,unisex,Adult,,30 USD
Clothing,Bohemian Rainbow Cardigan,. Handcrafted,https://nyarose.com/products/bohemian-womens-cardigan-1,new,39.76 USD,in stock,https://ibb.co/K9NPvXk,46475384-l-orange,Nya Rose,Apparel > Adult > Cardigan ,Orange,large,unisex,Adult,,30 USD
Clothing,Bohemian Rainbow Cardigan,. Vibrant colour,https://nyarose.com/products/bohemian-womens-cardigan-1,new,39.76 USD,in stock,https://ibb.co/K9NPvXk,46475384-xl-orange,Nya Rose,Apparel > Adult > Cardigan ,Orange,x large,unisex,Adult,,30 USD
Clothing,Bohemian Rainbow Cardigan,"Fall in love with out bohemian yarn threaded cardigan. Such a vibrant burnt orange, a modern twist on that 70's vibe. Super boho sheek, with mid length bell arms button down to the hips.",https://nyarose.com/products/bohemian-womens-cardigan-1,new,39.76 USD,in stock,https://ibb.co/K9NPvXk,46475384-s-orange,Nya Rose,Apparel > Adult > Cardigan ,Orange,small,unisex,Adult,,30 USD
Clothing,Snake skin Boho Dress,Snake print Bohemian Dress,https://nyarose.com/products/snake-skin-boho-dress,new,29.99 USD,in stock,https://ibb.co/0mNQrdY,46586769-snake-s,Nya Rose,Apparel > Adult > Dress,Snake,Small,Female,Adult,,30 USD
Clothing,Snake skin Boho Dress,. Beautiful Pattern,https://nyarose.com/products/snake-skin-boho-dress,new,29.99 USD,in stock,https://ibb.co/0mNQrdY,46586769-snake-m,Nya Rose,Apparel > Adult > Dress,Snake,medium,Female,Adult,,30 USD
Clothing,Snake skin Boho Dress,. Flattering V neck line,https://nyarose.com/products/snake-skin-boho-dress,new,29.99 USD,in stock,https://ibb.co/0mNQrdY,46586769-snake-l,Nya Rose,Apparel > Adult > Dress,Snake,large,Female,Adult,,30 USD
Clothing,Snake skin Boho Dress,. Floaty Polyester Material,https://nyarose.com/products/snake-skin-boho-dress,new,29.99 USD,in stock,https://ibb.co/0mNQrdY,46586769-snake-s,Nya Rose,Apparel > Adult > Dress,Snake,small,Female,Adult,,30 USD
Clothing,Snake skin Boho Dress,"This gorgeous v - neck floaty mini Dress just gives you all the feels. Summer nights, Autum days. Wear this on its own or team it up with tights and one of our own Nya rose Cardigans for the winter. A must have for your boho Wardrobe.",https://nyarose.com/products/snake-skin-boho-dress,new,29.99 USD,in stock,https://ibb.co/0mNQrdY,46586769-snake-m,Nya Rose,Apparel > Adult > Dress,Snake,large,Female,Adult,,30 USD
Clothing,Bohemian Fringe Kimono,Bohemian Fringe Kimono,https://nyarose.com/products/bohemian-fringe-kimono,new,32.00 USD,in stock,https://ibb.co/hW8282Z,38385945-white-one-size,Nya Rose,Apparel > Adult > Kimono,White,One Size,Unisex,Adult,,30 USD
Clothing,Bohemian Fringe Kimono,. High quality cotton,https://nyarose.com/products/bohemian-fringe-kimono,new,32.00 USD,in stock,https://ibb.co/hW8282Z,38385945-white-one-size,Nya Rose,Apparel > Adult > Kimono,White,One Size,Unisex,Adult,,30 USD
Clothing,Bohemian Fringe Kimono,. Beautifully hand Stitched patchwork,https://nyarose.com/products/bohemian-fringe-kimono,new,32.00 USD,in stock,https://ibb.co/hW8282Z,38385945-white-one-size,Nya Rose,Apparel > Adult > Kimono,White,One Size,Unisex,Adult,,30 USD
Clothing,Bohemian Fringe Kimono,. Cold Water washing,https://nyarose.com/products/bohemian-fringe-kimono,new,32.00 USD,in stock,https://ibb.co/hW8282Z,38385945-white-one-size,Nya Rose,Apparel > Adult > Kimono,White,One Size,Unisex,Adult,,30 USD
Clothing,Bohemian Fringe Kimono,"Our one size Fringe Kimono is nothing short of bohemian, perfect as a beach cover up or as an over layer cardigan. Beautiful design to the back, with fringes that reach the back of the knee.",https://nyarose.com/products/bohemian-fringe-kimono,new,32.00 USD,in stock,https://ibb.co/hW8282Z,38385945-white-one-size,Nya Rose,Apparel > Adult > Kimono,White,One Size,Unisex,Adult,,30 USD
Clothing,Brow Faux Leather Pants,Faux Leather Pants,https://nyarose.com/products/nibber-luxurious-faux-pu-leather-y2k-pants-womens-leisure-straight-pants-2021-street-clubwear-slim-punk-design-trousers-female,new,39.99 USD,in stock,https://ibb.co/tXzBmPj,41145416-brown-s,Nya Rose,Apparel > Adult > Leatherpants,Brown,small,Female,Adult,,30 USD
Clothing,Brow Faux Leather Pants,. High Fashion Pants,https://nyarose.com/products/nibber-luxurious-faux-pu-leather-y2k-pants-womens-leisure-straight-pants-2021-street-clubwear-slim-punk-design-trousers-female,new,39.99 USD,in stock,https://ibb.co/tXzBmPj,41145416-brown-m,Nya Rose,Apparel > Adult > Leatherpants,Brown,medium,Female,Adult,,30 USD
Clothing,Brow Faux Leather Pants,. Beautiful fit,https://nyarose.com/products/nibber-luxurious-faux-pu-leather-y2k-pants-womens-leisure-straight-pants-2021-street-clubwear-slim-punk-design-trousers-female,new,39.99 USD,in stock,https://ibb.co/tXzBmPj,41145416-brown-l,Nya Rose,Apparel > Adult > Leatherpants,Brown,Large,Female,Adult,,30 USD
Clothing,Brow Faux Leather Pants,. Pocket Detail.,https://nyarose.com/products/nibber-luxurious-faux-pu-leather-y2k-pants-womens-leisure-straight-pants-2021-street-clubwear-slim-punk-design-trousers-female,new,39.99 USD,in stock,https://ibb.co/tXzBmPj,41145416-brown-s,Nya Rose,Apparel > Adult > Leatherpants,Brown,small,Female,Adult,,30 USD
Clothing,Brow Faux Leather Pants,Womens Luxurious Faux Leather Pants. Chocolate brown colour to meet all those boho neutrals in your wardrobe. These perfectly Fitted Pants are a 70's inspired boho tradition.,https://nyarose.com/products/nibber-luxurious-faux-pu-leather-y2k-pants-womens-leisure-straight-pants-2021-street-clubwear-slim-punk-design-trousers-female,new,39.99 USD,in stock,https://ibb.co/tXzBmPj,41145416-brown-m,Nya Rose,Apparel > Adult > Leatherpants,Brown,medium,Female,Adult,,30 USD
Clothing,Brow Faux Leather Pants,"Pants only, no top.",https://nyarose.com/products/nibber-luxurious-faux-pu-leather-y2k-pants-womens-leisure-straight-pants-2021-street-clubwear-slim-punk-design-trousers-female,new,39.99 USD,in stock,https://ibb.co/tXzBmPj,41145416-brown-l,Nya Rose,Apparel > Adult > Leatherpants,Brown,large,Female,Adult,,30 USD
Clothing,Handmade Crochet Bralet,Handmade Crochet Bralet,https://nyarose.com/products/handmade-crochet-bralet,new,12.98 USD,in stock,https://ibb.co/wwfJ9vm,123321- s -Whitecroch,Nya Rose,Apparel > Adult > Bralet,White,small,Female,Adult,,30 USD
Clothing,Handmade Crochet Bralet,. High quality Cotton Yarn,https://nyarose.com/products/handmade-crochet-bralet,new,12.98 USD,in stock,https://ibb.co/wwfJ9vm,123321white-m-bra,Nya Rose,Apparel > Adult > Bralet,White,medium,Female,Adult,,30 USD
Clothing,Handmade Crochet Bralet,. Stunning Crochet Design,https://nyarose.com/products/handmade-crochet-bralet,new,12.98 USD,in stock,https://ibb.co/wwfJ9vm,123321 - L whiter,Nya Rose,Apparel > Adult > Bralet,White,large,Female,Adult,,30 USD
Clothing,Handmade Crochet Bralet,. Can be worn on its own or Layered underneath another top.,https://nyarose.com/products/handmade-crochet-bralet,new,12.98 USD,in stock,https://ibb.co/wwfJ9vm,123321 -XL-Whitebra,Nya Rose,Apparel > Adult > Bralet,White,xl,Female,Adult,,30 USD
Clothing,Handmade Crochet Bralet,"This stunning Crochet top is just perfect and essential for your boho beach wear. Summer is not over. Wear this as is with shorts, jeans, skirts. Or stylish vamp up underneath a see through top.",https://nyarose.com/products/handmade-crochet-bralet,new,12.98 USD,in stock,https://ibb.co/GcCnxxC,43544845-beige-s,Nya Rose,Apparel > Adult > Bralet,Beige,Small,Female,Adult,,30 USD
Clothing,Handmade Crochet Bralet,Handmade Crochet Bralet,https://nyarose.com/products/handmade-crochet-bralet,new,12.98 USD,in stock,https://ibb.co/GcCnxxC,43544845-beige-m,Nya Rose,Apparel > Adult > Bralet,Beige,medium,Female,Adult,,30 USD
Clothing,Handmade Crochet Bralet,Handmade Crochet Bralet,https://nyarose.com/products/handmade-crochet-bralet,new,12.98 USD,in stock,https://ibb.co/GcCnxxC,43544845-beige-l,Nya Rose,Apparel > Adult > Bralet,Beige,large,Female,Adult,,30 USD
Clothing,Handmade Crochet Bralet,Handmade Crochet Bralet,https://nyarose.com/products/handmade-crochet-bralet,new,12.98 USD,in stock,https://ibb.co/GcCnxxC,43544845-beige-xl,Nya Rose,Apparel > Adult > Bralet,Beige,xl,Female,Adult,,30 USD
Clothing,Rose Summer Boho Dress,Rose Summer Boho Dress,https://nyarose.com/products/rose-summer-boho-dress,new,38.00 USD,in stock,https://ibb.co/YBG9H4p,roone-45ones,Nya Rose,Apparel > Adult > Dress,Rose,One Size,Female,Adult,,30 USD
Clothing,Rose Summer Boho Dress,"Could you get any more Sheek than our Nya, Rose colour women's Beach dress.",https://nyarose.com/products/rose-summer-boho-dress,new,38.00 USD,in stock,https://ibb.co/YBG9H4p,roone-45ones,Nya Rose,Apparel > Adult > Dress,Rose,One Size,Female,Adult,,30 USD
Clothing,Rose Summer Boho Dress,. High quality Cotton,https://nyarose.com/products/rose-summer-boho-dress,new,38.00 USD,in stock,https://ibb.co/YBG9H4p,roone-45ones,Nya Rose,Apparel > Adult > Dress,Rose,One Size,Female,Adult,,30 USD
Clothing,Rose Summer Boho Dress,. One size fits all,https://nyarose.com/products/rose-summer-boho-dress,new,38.00 USD,in stock,https://ibb.co/YBG9H4p,roone-45ones,Nya Rose,Apparel > Adult > Dress,Rose,One Size,Female,Adult,,30 USD
Clothing,Rose Summer Boho Dress,. Can be worn multiple ways,https://nyarose.com/products/rose-summer-boho-dress,new,38.00 USD,in stock,https://ibb.co/YBG9H4p, roone-45ones,Nya Rose,Apparel > Adult > Dress,Rose,One Size,Female,Adult,,30 USD
Clothing,Rose Summer Boho Dress,"This wrap around floaty Dress is a must for your boho wardrobe, with a tie in waist, button down fastenings. You really can style this any which way you want. Want to have this open like a kimono, you can. Off the shower, you can. The possibilities to having this casual or dressed up is endless.",https://nyarose.com/products/rose-summer-boho-dress,new,38.00 USD,in stock,https://ibb.co/YBG9H4p,roone-45ones,Nya Rose,Apparel > Adult > Dress,Rose,One Size,Female,Adult,,30 USD
Clothing,Mandarian Sleeve Kaftan,MandarÃ­an Sleeve Kaftan,https://nyarose.com/products/mandarian-sleeve-kaftan,new,28.99 USD,in stock,https://ibb.co/GHPTG5G,sm34kaft,Nya Rose,Apparel > Adult > Dress,White,Small,Female,Adult,,30 USD
Clothing,Mandarian Sleeve Kaftan,. 100% High quality cotton,https://nyarose.com/products/mandarian-sleeve-kaftan,new,28.99 USD,in stock,https://ibb.co/GHPTG5G,sm34kaft,Nya Rose,Apparel > Adult > Dress,White,Small,Female,Adult,,30 USD
Clothing,Mandarian Sleeve Kaftan,. Soft and floaty,https://nyarose.com/products/mandarian-sleeve-kaftan,new,28.99 USD,in stock,https://ibb.co/GHPTG5G,sm34kaft,Nya Rose,Apparel > Adult > Dress,White,Small,Female,Adult,,30 USD
Clothing,Mandarian Sleeve Kaftan,. Partially Lined,https://nyarose.com/products/mandarian-sleeve-kaftan,new,28.99 USD,in stock,https://ibb.co/GHPTG5G,sm34kaft,Nya Rose,Apparel > Adult > Dress,White,Small,Female,Adult,,30 USD
Clothing,Mandarian Sleeve Kaftan,.Machine Washable,https://nyarose.com/products/mandarian-sleeve-kaftan,new,28.99 USD,in stock,https://ibb.co/GHPTG5G,sm34kaft,Nya Rose,Apparel > Adult > Dress,White,Small,Female,Adult,,30 USD
Clothing,Mandarian Sleeve Kaftan,"This beautiful take on a gypsy dress has all the boho feels. Perfect for the beach, with a stylish laid back feeling. With a soft v neck line, tied with tassel strings, long sheer arms with textured gathering. Can be worn also for the Fall/Winter with black tights.",https://nyarose.com/products/mandarian-sleeve-kaftan,new,28.99 USD,in stock,https://ibb.co/GHPTG5G,sm34kaft,Nya Rose,Apparel > Adult > Dress,White,Small,Female,Adult,,30 USD
Clothing,Boho Shawl,Bohemian Shawl,https://nyarose.com/products/boho-shawl,new,45.99 USD,in stock,https://ibb.co/C5RBhxR,Sands1,Nya Rose,Apparel > Adult > Jacket > Shawl,Sand,One Size,Unisex,Adult,,30 USD
Clothing,Boho Shawl,.Intricate pattern design,https://nyarose.com/products/boho-shawl,new,45.99 USD,in stock,https://ibb.co/C5RBhxR,Sands1,Nya Rose,Apparel > Adult > Jacket > Shawl,Sand,One Size,Unisex,Adult,,30 USD
Clothing,Boho Shawl,.High quality fabric,https://nyarose.com/products/boho-shawl,new,45.99 USD,in stock,https://ibb.co/C5RBhxR,Sands1,Nya Rose,Apparel > Adult > Jacket > Shawl,Sand,One Size,Unisex,Adult,,30 USD
Clothing,Boho Shawl,.Stunning Sand colour,https://nyarose.com/products/boho-shawl,new,45.99 USD,in stock,https://ibb.co/C5RBhxR,Sands1,Nya Rose,Apparel > Adult > Jacket > Shawl,Sand,One Size,Unisex,Adult,,30 USD
Clothing,Boho Shawl,This one size fits all Bohemian inspired sand shawl. Features Off the shoulder shawl with individual tassels across the back and arms. The perfect piece for your boho wardrobe.,https://nyarose.com/products/boho-shawl,new,45.99 USD,in stock,https://ibb.co/C5RBhxR,Sands1,Nya Rose,Apparel > Adult > Jacket > Shawl,Sand,One Size,Unisex,Adult,,30 USD
Clothing,2021 Boho Strieped Chiffon Kimono,2021 Boho striped chiffon kimono,https://nyarose.com/products/2021-boho-striped-chiffon-kimono,new,37.99 USD,in stock,https://ibb.co/Ky9KY9L,sns1,Nya Rose,Apparel > Adult > Dress > Kimono,Snake,Small,Unisex,Adult,,30 USD
Clothing,2021 Boho Strieped Chiffon Kimono,.Premium quality Chiffon material made out of polyester,https://nyarose.com/products/2021-boho-striped-chiffon-kimono,new,37.99 USD,in stock,https://ibb.co/Ky9KY9L,snM2,Nya Rose,Apparel > Adult > Dress > Kimono,Snake,Medium,Unisex,Adult,,30 USD
Clothing,2021 Boho Strieped Chiffon Kimono,.Cut & Sew,https://nyarose.com/products/2021-boho-striped-chiffon-kimono,new,37.99 USD,in stock,https://ibb.co/Ky9KY9L,snL3,Nya Rose,Apparel > Adult > Dress > Kimono,Snake,Large,Unisex,Adult,,30 USD
Clothing,2021 Boho Strieped Chiffon Kimono,.Beautiful snake print,https://nyarose.com/products/2021-boho-striped-chiffon-kimono,new,37.99 USD,in stock,https://ibb.co/Ky9KY9L,sns1,Nya Rose,Apparel > Adult > Dress > Kimono,Snake,small,Unisex,Adult,,30 USD
Clothing,2021 Boho Strieped Chiffon Kimono,"Weather you want to dress this up to socialize or lounge around by the pool in total comfort, this dress kimono is an essential to the wardrobe. The dress features high lined slits up to waitst height. Use this as a dress or too accessorize.",https://nyarose.com/products/2021-boho-striped-chiffon-kimono,new,37.99 USD,in stock,https://ibb.co/Ky9KY9L,snM2,Nya Rose,Apparel > Adult > Dress > Kimono,Snake,medium,Unisex,Adult,,30 USD
Accessories,Love Moon Star and Lioghtning Necklace,Circle pendant necklace,https://nyarose.com/products/love-moon-star-and-lightning-necklace,new,10.00 USD,in stock,https://ibb.co/z6pHrd2,39440415-purple-necklace,Nya Rose,Apparel > Accessories > Jewelery,Purple,One Size,Unisex,Adult,,30 USD
Accessories,Love Moon Star and Lioghtning Necklace,. Handcrafted,https://nyarose.com/products/love-moon-star-and-lightning-necklace,new,10.00 USD,in stock,https://ibb.co/z6pHrd2,39440415-white-necklace,Nya Rose,Apparel > Accessories > Jewelery,White,One Size,Unisex,Adult,,30 USD
Accessories,Love Moon Star and Lioghtning Necklace,. Original colors and shapes,https://nyarose.com/products/love-moon-star-and-lightning-necklace,new,10.00 USD,in stock,https://ibb.co/z6pHrd2,39440415-gray-necklace,Nya Rose,Apparel > Accessories > Jewelery,Grey,One Size,Unisex,Adult,,30 USD
Accessories,Love Moon Star and Lioghtning Necklace,. Lovely gold plated chain and clasp,https://nyarose.com/products/love-moon-star-and-lightning-necklace,new,10.00 USD,in stock,https://ibb.co/z6pHrd2,39440415-pink-necklace,Nya Rose,Apparel > Accessories > Jewelery,Pink,One Size,Unisex,Adult,,30 USD
Accessories,Love Moon Star and Lioghtning Necklace,"These beautiful not quite perfect circle pendant necklaces are beautiful on their own or paired with other necklaces to give the layered look. Choose from Heart, lightning, moon and star in a choice of blue, grey, white black and pink.",https://nyarose.com/products/love-moon-star-and-lightning-necklace,new,10.00 USD,in stock,https://ibb.co/z6pHrd2,39440415-black-necklace,Nya Rose,Apparel > Accessories > Jewelery,Black,One Size,Unisex,Adult,,30 USD
Accessories,Love Moon Star and Lioghtning Necklace,Length - 41.5cm,https://nyarose.com/products/love-moon-star-and-lightning-necklace,new,10.00 USD,in stock,https://ibb.co/z6pHrd2,39440415-purple-necklace,Nya Rose,Apparel > Accessories > Jewelery,,One Size,Unisex,Adult,,30 USD
Accessories,Eyes Multilayer Necklace,Eye Multilayer Necklace,https://nyarose.com/products/eyes-multilayer-necklaces,new,15.00 USD,in stock,https://ibb.co/7tRt2LV,42112546-xl431-gold-china,Nya Rose,Apparel > Accessories > Jewelery,Multi,One Size,Unisex,Adult,,30 USD
Accessories,Eyes Multilayer Necklace,. 3 Piece Necklace,https://nyarose.com/products/eyes-multilayer-necklaces,new,15.00 USD,in stock,https://ibb.co/7tRt2LV,42112546-xl431-gold-china,Nya Rose,Apparel > Accessories > Jewelery,Multi,One Size,Unisex,Adult,,30 USD
Accessories,Eyes Multilayer Necklace,. Plated Gold,https://nyarose.com/products/eyes-multilayer-necklaces,new,15.00 USD,in stock,https://ibb.co/7tRt2LV,42112546-xl431-gold-china,Nya Rose,Apparel > Accessories > Jewelery,Multi,One Size,Unisex,Adult,,30 USD
Accessories,Eyes Multilayer Necklace,. Beautiful stone colours,https://nyarose.com/products/eyes-multilayer-necklaces,new,15.00 USD,in stock,https://ibb.co/7tRt2LV,42112546-xl431-gold-china,Nya Rose,Apparel > Accessories > Jewelery,Multi,One Size,Unisex,Adult,,30 USD
Accessories,Eyes Multilayer Necklace,36cm/41cm/46cm,https://nyarose.com/products/eyes-multilayer-necklaces,new,15.00 USD,in stock,https://ibb.co/7tRt2LV,42112546-xl431-gold-china,Nya Rose,Apparel > Accessories > Jewelery,Multi,One Size,Unisex,Adult,,30 USD
Accessories,4Pcs Chain Bracelets Set,4 pack Chain Bracelets,https://nyarose.com/products/4pcs-chain-bracelets-set-for-women,new,19.99 USD,in stock,https://ibb.co/0y4MzYZ,36571489-e00529gold,Nya Rose,Apparel > Accessories > Jewelery,Gold,One size,Unisex,Adult,,30 USD
Accessories,4Pcs Chain Bracelets Set,. Chunky gold plated Jewelry,https://nyarose.com/products/4pcs-chain-bracelets-set-for-women,new,19.99 USD,in stock,https://ibb.co/0y4MzYZ,36571489-e00529gold,Nya Rose,Apparel > Accessories > Jewelery,Gold,One size,Unisex,Adult,,30 USD
Accessories,4Pcs Chain Bracelets Set,. Fashion 2021,https://nyarose.com/products/4pcs-chain-bracelets-set-for-women,new,19.99 USD,in stock,https://ibb.co/0y4MzYZ,36571489-e00529gold,Nya Rose,Apparel > Accessories > Jewelery,Gold,One size,Unisex,Adult,,30 USD
Accessories,4Pcs Chain Bracelets Set,. 4 Bracelets in one,https://nyarose.com/products/4pcs-chain-bracelets-set-for-women,new,19.99 USD,in stock,https://ibb.co/0y4MzYZ,36571489-e00529gold,Nya Rose,Apparel > Accessories > Jewelery,Gold,One size,Unisex,Adult,,30 USD
Accessories,4Pcs Chain Bracelets Set,Super high end fashion bracelets. Super chunky cuban chain bangles that bring out that boho chick.,https://nyarose.com/products/4pcs-chain-bracelets-set-for-women,new,19.99 USD,in stock,https://ibb.co/0y4MzYZ,36571489-e00529gold,Nya Rose,Apparel > Accessories > Jewelery,Gold,One size,Unisex,Adult,,30 USD
Accessories,Luxury moon and sun pendant Necklace  ,Luxury moon and sun pendant Necklace,https://nyarose.com/products/moon-and-sun-pendant-necklace,new,19.99 USD,in stock,https://ibb.co/YWmqDcG,MHS.Moon2,Nya Rose,Apparel > Accessories > Jewelery,Gold,One Size,Unisex,Adult,,30 USD
Accessories,Luxury moon and sun pendant Necklace  ,High Fashion statement piece. Looks great alone or layered with multiple chains and necklaces.,https://nyarose.com/products/moon-and-sun-pendant-necklace,new,19.99 USD,in stock,https://ibb.co/YWmqDcG,MHS.SUN,Nya Rose,Apparel > Accessories > Jewelery,Gold,One Size,Unisex,Adult,,30 USD
Accessories,Luxury moon and sun pendant Necklace  ,.3 Layered Gold Plated link chain,https://nyarose.com/products/moon-and-sun-pendant-necklace,new,19.99 USD,in stock,https://ibb.co/YWmqDcG,MHS.Moon2,Nya Rose,Apparel > Accessories > Jewelery,Gold,One Size,Unisex,Adult,,30 USD
Accessories,Luxury moon and sun pendant Necklace  ,.Mosaic AAA,https://nyarose.com/products/moon-and-sun-pendant-necklace,new,19.99 USD, in stock,https://ibb.co/YWmqDcG,MHS.SUN,Nya Rose,Apparel > Accessories > Jewelery,Gold,One Size,Unisex,Adult,,30 USD
Accessories,Luxury moon and sun pendant Necklace  ,.Chunky Chain,https://nyarose.com/products/moon-and-sun-pendant-necklace,new,19.99 USD,in stock,https://ibb.co/YWmqDcG,MHS.Moon2,Nya Rose,Apparel > Accessories > Jewelery,Gold,One Size,Unisex,Adult,,30 USD
Accessories,Luxury moon and sun pendant Necklace  ,Sun pendant - the sun pictures the moon in a circle pendant attached to a beautiful linked necklace.,https://nyarose.com/products/moon-and-sun-pendant-necklace,new,19.99 USD,in stock,https://ibb.co/YWmqDcG,MHS.SUN,Nya Rose,Apparel > Accessories > Jewelery,Gold,One Size,Unisex,Adult,,30 USD
Accessories,Luxury moon and sun pendant Necklace  ,"Moon pendant - stands alone, attached to a beautiful linked necklace.",https://nyarose.com/products/moon-and-sun-pendant-necklace,new,19.99 USD,in stock,https://ibb.co/YWmqDcG,MHS.Moon2,Nya Rose,Apparel > Accessories > Jewelery,Gold,One Size,Unisex,Adult,,30 USD
Accessories,Luxury moon and sun pendant Necklace  ,Chain:Length 50cm,https://nyarose.com/products/moon-and-sun-pendant-necklace,new,19.99 USD,in stock,https://ibb.co/YWmqDcG,MHS.SUN,Nya Rose,Apparel > Accessories > Jewelery, Gold,One Size,Unisex,Adult,,30 USD
Accessories,Sunglass Lanyard,Sunglass Lanyard,https://nyarose.com/products/sunglasses-landyard,new,10.99 USD,in stock,https://ibb.co/LRYtznC,SUNGACRY060-G,Nya Rose,Apparel & Accessories > Clothing Accessories > Sunglasses,Beige Marble,One Size,Unisex,Adult,,30 USD
Accessories,Sunglass Lanyard,. High Quality Acrylic chain links,https://nyarose.com/products/sunglasses-landyard,new,10.99 USD,in stock,https://ibb.co/nw6Y62Y,SUNGACRY060-black,Nya Rose,Apparel & Accessories > Clothing Accessories > Sunglasses,Black,One Size,Unisex,Adult,,30 USD
Accessories,Sunglass Lanyard,. Eco Friendly Manufactured,https://nyarose.com/products/sunglasses-landyard,new,10.99 USD,in stock,https://ibb.co/nw6Y62Y,SUNGACRY060-Tort,Nya Rose,Apparel & Accessories > Clothing Accessories > Sunglasses,Tortoiseshell,One Size,Unisex,Adult,,30 USD
Accessories,Sunglass Lanyard,. Light material,https://nyarose.com/products/sunglasses-landyard,new,10.99 USD,in stock,https://ibb.co/MVbq32d,SUNGACRY060-G,Nya Rose,Apparel & Accessories > Clothing Accessories > Sunglasses,Beige Marble,One Size,Unisex,Adult,,30 USD
Accessories,Sunglass Lanyard,.Adjustable silicone loops fit all eyewear,https://nyarose.com/products/sunglasses-landyard,new,10.99 USD,in stock,https://ibb.co/nw6Y62Y,SUNGACRY060-black,Nya Rose,Apparel & Accessories > Clothing Accessories > Sunglasses,Black,One Size,Unisex,Adult,,30 USD
Accessories,Sunglass Lanyard,"Hot Leopard, tortoise shell and black Glasses Chain. Super chunky 2021 fashion.",https://nyarose.com/products/sunglasses-landyard,new,10.99 USD,in stock,https://ibb.co/MVbq32d,SUNGACRY060-Tort,Nya Rose,Apparel & Accessories > Clothing Accessories > Sunglasses,Tortoiseshell,One Size,Unisex,Adult,,30 USD
Accessories,Sunglass Lanyard,"It features detachable custom grips and clasps, can be worn with sunglasses, reading glasses or even your face mask.",https://nyarose.com/products/sunglasses-landyard,new,10.99 USD,in stock,https://ibb.co/LRYtznC,SUNGACRY060-G,Nya Rose,Apparel & Accessories > Clothing Accessories > Sunglasses,Beige Marble,One Size,Unisex,Adult,,30 USD
Accessories,Corssbody necklace iphone holder,Iphone Lanyard Strap,https://nyarose.com/products/crossbody-necklace-iphone-holder,new,16.99 USD,in stock,https://ibb.co/Sxz6nm1,1phoneblushxs1,Nya Rose,Electronics > Communications > Telephony > Mobile Phone Accessories > Mobile Phone Cases,Pink,X/XS,Unisex,Adult,,30 USD
Accessories,Corssbody necklace iphone holder,. Super stylish chunky strap holder,https://nyarose.com/products/crossbody-necklace-iphone-holder,new,16.99 USD,in stock,https://ibb.co/R4L1jQy,1phonelimexs1,Nya Rose,Electronics > Communications > Telephony > Mobile Phone Accessories > Mobile Phone Cases,Lime,X/XS,Unisex,Adult,,30 USD
Accessories,Corssbody necklace iphone holder,. High quality silicone iphone case,https://nyarose.com/products/crossbody-necklace-iphone-holder,new,16.99 USD,in stock,https://ibb.co/tDXtfM8,1phpurxs1,Nya Rose,Electronics > Communications > Telephony > Mobile Phone Accessories > Mobile Phone Cases,Purple,X/XS,Unisex,Adult,,30 USD
Accessories,Corssbody necklace iphone holder,. Very practical,https://nyarose.com/products/crossbody-necklace-iphone-holder,new,16.99 USD,in stock,https://ibb.co/Sxz6nm1,1phoneblushxs1,Nya Rose,Electronics > Communications > Telephony > Mobile Phone Accessories > Mobile Phone Cases,pink,X/XS,Unisex,Adult,,30 USD
Accessories,Corssbody necklace iphone holder,. Available in colours,https://nyarose.com/products/crossbody-necklace-iphone-holder,new,16.99 USD,in stock,https://ibb.co/R4L1jQy,1phonelimexs1,Nya Rose,Electronics > Communications > Telephony > Mobile Phone Accessories > Mobile Phone Cases,Lime,X/XS,Unisex,Adult,,30 USD
Accessories,Corssbody necklace iphone holder,"Blush, lime, purple",https://nyarose.com/products/crossbody-necklace-iphone-holder,new,16.99 USD,in stock,https://ibb.co/tDXtfM8,1phpurxs1,Nya Rose,Electronics > Communications > Telephony > Mobile Phone Accessories > Mobile Phone Cases,Purple,X/XS,Unisex,Adult,,30 USD
Accessories,Corssbody necklace iphone holder,"This super funky Cord strap, stylishly holds your iphone close to your body. Forget having to reach into your bag/purse every time you need to check your messages or being a tourist in your dream city. This is super handy for taking photos and knowing that your phone is safe by you, leaving you hands free to enjoy your surroundings.",https://nyarose.com/products/crossbody-necklace-iphone-holder,new,16.99 USD,in stock,https://ibb.co/Sxz6nm1,1phoneblushxs1,Nya Rose,Electronics > Communications > Telephony > Mobile Phone Accessories > Mobile Phone Cases,Pink,X/XS,Unisex,Adult,,30 USD
Home Decor,Nordic Macrame moon Dreamcatcher,Nordic Macrame Moon wall hanging Decor.,https://nyarose.com/products/macrame-moon,new,18.00 USD,in stock,https://ibb.co/gZBsVp1,mac-fhmoon38,Nya Rose,Home >Decor > Macrame,White,One size,Unisex,Adult,,30 USD
Home Decor,Nordic Macrame moon Dreamcatcher,. High Quality cotton,https://nyarose.com/products/macrame-moon,new,18.00 USD,in stock,https://ibb.co/gZBsVp1,mac-fhmoon38,Nya Rose,Home >Decor > Macrame,White,One size,Unisex,Adult,,30 USD
Home Decor,Nordic Macrame moon Dreamcatcher,. Strong metal moon complete with fairy lights,https://nyarose.com/products/macrame-moon,new,18.00 USD,in stock,https://ibb.co/gZBsVp1,mac-fhmoon38,Nya Rose,Home >Decor > Macrame,White,One size,Unisex,Adult,,30 USD
Home Decor,Nordic Macrame moon Dreamcatcher,. Handcrafted,https://nyarose.com/products/macrame-moon,new,18.00 USD,in stock,https://ibb.co/gZBsVp1,mac-fhmoon38,Nya Rose,Home >Decor > Macrame,White,One size,Unisex,Adult,,30 USD
Home Decor,Nordic Macrame moon Dreamcatcher,"This Stunning bohemian dream catcher is handmade, every detail crafted and custom packaged for Nay rose home collection.",https://nyarose.com/products/macrame-moon,new,18.00 USD,in stock,https://ibb.co/gZBsVp1,mac-fhmoon38,Nya Rose,Home >Decor > Macrame,White,One size,Unisex,Adult,,30 USD
Home Decor,Nordic Macrame moon Dreamcatcher,Led fairy lights included. Beautiful gift for friends and family.,https://nyarose.com/products/macrame-moon,new,18.00 USD,in stock,https://ibb.co/gZBsVp1,mac-fhmoon38,Nya Rose,Home >Decor > Macrame,White,One size,Unisex,Adult,,30 USD
Home Decor,Natural Pampas Rabbit Tail Grass Dried,Natural Dried Flowers,https://nyarose.com/products/natural-pampas-rabbit-tail-grass-dried,new,19.99 USD,in stock,https://ibb.co/N1vq0M6,41997143-phragmites-40pcs,Nya Rose,Home > Decor > Dried Flowers,Pink,40 pieces,Unisex,Adult,,30 USD
Home Decor,Natural Pampas Rabbit Tail Grass Dried,. Choose from 3 different varients,https://nyarose.com/products/natural-pampas-rabbit-tail-grass-dried,new,16.00 USD,in stock,https://ibb.co/N1vq0M6,41997143-lagurus-ovatus-40pcs,Nya Rose,Home > Decor > Dried Flowers,Yellow,40 pieces,Unisex,Adult,,30 USD
Home Decor,Natural Pampas Rabbit Tail Grass Dried,. Stunning arrangements for your home,https://nyarose.com/products/natural-pampas-rabbit-tail-grass-dried,new,25.98 USD,in stock,https://ibb.co/fHg1HX6,41997143-typha-40pcs,Nya Rose,Home > Decor > Dried Flowers,Orange,40 pieces,Unisex,Adult,,30 USD
Home Decor,Natural Pampas Rabbit Tail Grass Dried,. Vibrant colours,https://nyarose.com/products/natural-pampas-rabbit-tail-grass-dried,new,19.99 USD,in stock,https://ibb.co/N1vq0M6,41997143-phragmites-40pcs,Nya Rose,Home > Decor > Dried Flowers,,40 pieces,Unisex,Adult,,30 USD
Home Decor,Natural Pampas Rabbit Tail Grass Dried,"We have 3 different varieties of dried flowers to choose from. Each one to meet your needs and color desires. we have a blush pink natural pampas grass, stunning yellow Tail grass and burnt orange Typha. The prices vary depending on the flower.",https://nyarose.com/products/natural-pampas-rabbit-tail-grass-dried,new,16.00 USD,in stock,https://ibb.co/N1vq0M6,41997143-lagurus-ovatus-40pcs,Nya Rose,Home > Decor > Dried Flowers,,40 pieces,Unisex,Adult,,30 USD
Home Decor,Natural Pampas Rabbit Tail Grass Dried,Please also bear in mind if your wanting a very full bunch you may need 80 pieces. These sell as a 40pc set.,https://nyarose.com/products/natural-pampas-rabbit-tail-grass-dried,new,25.98 USD,in stock,https://ibb.co/fHg1HX6,41997143-typha-40pcs,Nya Rose,Home > Decor > Dried Flowers,,40 pieces,Unisex,Adult,,30 USD
Home Decor,Natural Pampas Rabbit Tail Grass Dried,Pharmites 40-50cm,https://nyarose.com/products/natural-pampas-rabbit-tail-grass-dried,new,19.99 USD,in stock,https://ibb.co/N1vq0M6,41997143-phragmites-40pcs,Nya Rose,Home > Decor > Dried Flowers,,40 pieces,Unisex,Adult,,30 USD
Home Decor,Natural Pampas Rabbit Tail Grass Dried,Ovatus 30-40cm,https://nyarose.com/products/natural-pampas-rabbit-tail-grass-dried,new,16.00 USD,in stock,https://ibb.co/N1vq0M6,41997143-lagurus-ovatus-40pcs,Nya Rose,Home > Decor > Dried Flowers,,40 pieces,Unisex,Adult,,30 USD
Home Decor,Natural Pampas Rabbit Tail Grass Dried,Typha 40-50cm,https://nyarose.com/products/natural-pampas-rabbit-tail-grass-dried,new,25.98 USD,in stock,https://ibb.co/fHg1HX6,41997143-typha-40pcs,Nya Rose,Home > Decor > Dried Flowers,,40 pieces,Unisex,Adult,,30 USD
Home Decor,Macrame Hanging Swing Hammock,Macrame Hanging Swing hammock,https://nyarose.com/products/macrame-hanging-swing-hammock,new,85.42 USD,in stock,https://ibb.co/9q4rTzz,42675643-white-united-states,Nya Rose,Home > Decor > outdoor furnishing,White,200cm/150cm,Unisex,Adult,,30 USD
Home Decor,Macrame Hanging Swing Hammock,". High Quality, made 80% Cotton and 20% Polyester.",https://nyarose.com/products/macrame-hanging-swing-hammock,new,85.42 USD,in stock,https://ibb.co/9q4rTzz,42675643-white-united-states,Nya Rose,Home > Decor > outdoor furnishing,White,200cm/150cm,Unisex,Adult,,30 USD
Home Decor,Macrame Hanging Swing Hammock,. Strong Material which can hold a couple,https://nyarose.com/products/macrame-hanging-swing-hammock,new,85.42 USD,in stock,https://ibb.co/9q4rTzz,42675643-white-united-states,Nya Rose,Home > Decor > outdoor furnishing,White,200cm/150cm,Unisex,Adult,,30 USD
Home Decor,Macrame Hanging Swing Hammock,. Spacious and comfortable,https://nyarose.com/products/macrame-hanging-swing-hammock,new,85.42 USD,in stock,https://ibb.co/9q4rTzz,42675643-white-united-states,Nya Rose,Home > Decor > outdoor furnishing,White,200cm/150cm,Unisex,Adult,,30 USD
Home Decor,Macrame Hanging Swing Hammock,. Can be washed,https://nyarose.com/products/macrame-hanging-swing-hammock,new,85.42 USD,in stock,https://ibb.co/9q4rTzz,42675643-white-united-states,Nya Rose,Home > Decor > outdoor furnishing,White,200cm/150cm,Unisex,Adult,,30 USD
Home Decor,Macrame Hanging Swing Hammock,"This highly sort after macrame Hammock is all you need to enjoy a relaxing break from the hustle. Enjoy summer evenings and autumn days in this spacious and super comfortable swinging hammock. Suitable for all ages, can be used indoor or outdoors. Perfect for bedroom, terrace,porch, beach or wedding decoration. Super portable and light weight making it easy to carry should you be hiking or camping and wish to take this along. Get yours now before its gone.",https://nyarose.com/products/macrame-hanging-swing-hammock,new,85.42 USD,in stock,https://ibb.co/9q4rTzz,42675643-white-united-states,Nya Rose,Home > Decor > outdoor furnishing,White, 200cm/150cm,Unisex,Adult,,30 USD
Home Decor,Macrame Hanging Swing Hammock,Size 200cm x 150cm,https://nyarose.com/products/macrame-hanging-swing-hammock,new,85.42 USD,in stock,https://ibb.co/9q4rTzz,42675643-white-united-states,Nya Rose,Home > Decor > outdoor furnishing,White,200cm/150cm,Unisex,Adult,,30 USD
Home Decor,Nordic Duvet Set,High premium cotton Nordic Bedspread.,https://nyarose.com/products/nordic-duvet-set,new,75.00 USD,in stock,https://ibb.co/rdrsbS3,Twin2-45du,Nya Rose,Home > Decor > Bedding,Coffee,Twin,Unisex,Adult,,30 USD
Home Decor,Nordic Duvet Set,. High quality Cotton,https://nyarose.com/products/nordic-duvet-set,new,75.00 USD,in stock,https://ibb.co/rdrsbS3,queen2-57,Nya Rose,Home > Decor > Bedding,Coffee,Queen,Unisex,Adult,,30 USD
Home Decor,Nordic Duvet Set,. Light weight Fabric,https://nyarose.com/products/nordic-duvet-set,new,75.00 USD,in stock,https://ibb.co/rdrsbS3,king-du-38,Nya Rose,Home > Decor > Bedding,Coffee,King,Unisex,Adult,,30 USD
Home Decor,Nordic Duvet Set,. Skin friendly and breathable design,https://nyarose.com/products/nordic-duvet-set,new,75.00 USD,in stock,https://ibb.co/rdrsbS3,Twin2-45du,Nya Rose,Home > Decor > Bedding,Coffee,Twin,Unisex,Adult,,30 USD
Home Decor,Nordic Duvet Set,. Simple envelope pillow Case,https://nyarose.com/products/nordic-duvet-set,new,75.00 USD,in stock,https://ibb.co/rdrsbS3,queen2-57,Nya Rose,Home > Decor > Bedding,Coffee,Queen,Unisex,Adult,,30 USD
Home Decor,Nordic Duvet Set,This bohemian bedding is an essential for your bedroom comfort. Hand tied knots give a laid back vibe whilst created that nostalgia you want when laying with your coffee in the mornings. Can be used all year round with this beautiful earthy Colour.,https://nyarose.com/products/nordic-duvet-set,new,75.00 USD,in stock,https://ibb.co/rdrsbS3,king-du-38,Nya Rose,Home > Decor > Bedding,Coffee,King,Unisex,Adult,,30 USD
Home Decor,Nordic Duvet Set,Enjoy the comfort and quiet from your home,https://nyarose.com/products/nordic-duvet-set,new,75.00 USD,in stock,https://ibb.co/rdrsbS3,Twin2-45du,Nya Rose,Home > Decor > Bedding,Coffee,Twin,Unisex,Adult,,30 USD
Home Decor,Nordic Duvet Set,"Easy to clean, machine washable",https://nyarose.com/products/nordic-duvet-set,new,75.00 USD,in stock,https://ibb.co/rdrsbS3,queen2-57,Nya Rose,Home > Decor > Bedding,Coffee,Queen,Unisex,Adult,,30 USD
Home Decor,Nordic Duvet Set,Complete with divert cover and 2 pillow cases.,https://nyarose.com/products/nordic-duvet-set,new,75.00 USD,in stock,https://ibb.co/rdrsbS3,king-du-38,Nya Rose,Home > Decor > Bedding,Coffee,King,Unisex,Adult,,30 USD
Home Decor,Boho Ladies cushion,Boho ladies cushion.,https://nyarose.com/products/boho-lady-s-cushion,new,22.99 USD,in stock,https://ibb.co/2dYKp87,HBun1,Nya Rose,Home > Decor > Cushions,Hair in a bun/cream,16x16,Unisex,Adult,,30 USD
Home Decor,Boho Ladies cushion,High quality linen with beautiful women from around the world.,https://nyarose.com/products/boho-lady-s-cushion,new,22.99 USD,in stock,https://ibb.co/2dYKp87,Hred2,Nya Rose,Home > Decor > Cushions,Red Hair/cream,16x16,Unisex,Adult,,30 USD
Home Decor,Boho Ladies cushion,. 100 % Premium quality printed Linen & Cotton,https://nyarose.com/products/boho-lady-s-cushion,new,22.99 USD,in stock,https://ibb.co/2dYKp87,Hpony3,Nya Rose,Home > Decor > Cushions,Hair in Ponytail/cream,16x16,Unisex,Adult,,30 USD
Home Decor,Boho Ladies cushion,. Cushion cover,https://nyarose.com/products/boho-lady-s-cushion,new,22.99 USD,in stock,https://ibb.co/2dYKp87,HAfri4,Nya Rose,Home > Decor > Cushions,African Lady/cream,16x16,Unisex,Adult,,30 USD
Home Decor,Boho Ladies cushion,. Hand sewn zip for easy entry,https://nyarose.com/products/boho-lady-s-cushion,new,22.99 USD,in stock,https://ibb.co/2dYKp87,HHat5,Nya Rose,Home > Decor > Cushions,With Hat/cream,16x16,Unisex,Adult,,30 USD
Home Decor,Boho Ladies cushion,. 6 designs and more being added!,https://nyarose.com/products/boho-lady-s-cushion,new,22.99 USD,in stock,https://ibb.co/2dYKp87,HShort6,Nya Rose,Home > Decor > Cushions,Short Hair/cream,16x16,Unisex,Adult,,30 USD
Home Decor,Boho Ladies cushion,.2021 Design!,https://nyarose.com/products/boho-lady-s-cushion,new,22.99 USD,in stock,https://ibb.co/2dYKp87,HBun1,Nya Rose,Home > Decor > Cushions,,16x16,Unisex,Adult,,30 USD
Home Decor,Boho Ladies cushion,Perfectly printed woven pattern to accent your bohemian room. Available in many different designs. Please see selections below.,https://nyarose.com/products/boho-lady-s-cushion,new,22.99 USD,in stock,https://ibb.co/2dYKp87,Hred2,Nya Rose,Home > Decor > Cushions,,16x16,Unisex,Adult,,30 USD
Home Decor,Boho Ladies cushion,"Cushion cover can be used in many different ways, fully satisfy your needs with this one off Nya rose collection piece.",https://nyarose.com/products/boho-lady-s-cushion,new,22.99 USD,in stock,https://ibb.co/2dYKp87,Hpony3,Nya Rose,Home > Decor > Cushions,,16x16,Unisex,Adult,,30 USD
Home Decor,Boho Ladies cushion,Dimensions - 16inch x 16inch,https://nyarose.com/products/boho-lady-s-cushion,new,22.99 USD,in stock,https://ibb.co/2dYKp87,HAfri4,Nya Rose,Home > Decor > Cushions,,16x16,Unisex,Adult,,30 USD
Home Decor,Moon and Sun abtract art,Canvas Abstract Art.,https://nyarose.com/products/moon-and-sun-art,new,14.00 USD,in stock,https://ibb.co/DVMyPZK,pr1moon-45,Nya Rose,Home > Decor > Wall Art,orange,30x45cm,Unisex,Adult,,30 USD
Home Decor,Moon and Sun abtract art,.High quality Canvas printed art,https://nyarose.com/products/moon-and-sun-art,new,14.00 USD,in stock,https://ibb.co/DVMyPZK,pr1sun-45,Nya Rose,Home > Decor > Wall Art,orange,30x45cm,Unisex,Adult,,30 USD
Home Decor,Moon and Sun abtract art,.ROHS printed ink,https://nyarose.com/products/moon-and-sun-art,new,14.00 USD,in stock,https://ibb.co/DVMyPZK,pr1moon-45,Nya Rose,Home > Decor > Wall Art,orange,30x45cm,Unisex,Adult,,30 USD
Home Decor,Moon and Sun abtract art,.Bohemian Decor,https://nyarose.com/products/moon-and-sun-art,new,14.00 USD,in stock,https://ibb.co/DVMyPZK,pr1sun-45,Nya Rose,Home > Decor > Wall Art,orange,30x45cm,Unisex,Adult,,30 USD
Home Decor,Moon and Sun abtract art,.High definition Print,https://nyarose.com/products/moon-and-sun-art,new,14.00 USD,in stock,https://ibb.co/DVMyPZK,pr1moon-45,Nya Rose,Home > Decor > Wall Art,orange,30x45cm,Unisex,Adult,,30 USD
Home Decor,Moon and Sun abtract art,The sun and Moon scene. The sun will always rise and it will always set. Perfect as a statement piece to ones home.,https://nyarose.com/products/moon-and-sun-art,new,14.00 USD,in stock,https://ibb.co/DVMyPZK,pr1sun-45,Nya Rose,Home > Decor > Wall Art,orange,30x45cm,Unisex,Adult,,30 USD
Home Decor,Moon and Sun abtract art,Sold Seperatly,https://nyarose.com/products/moon-and-sun-art,new,14.00 USD,in stock,https://ibb.co/DVMyPZK,pr1moon-45,Nya Rose,Home > Decor > Wall Art,orange,30x45cm,Unisex,Adult,,30 USD
Home Decor,Moon and Sun abtract art,Size - 30cm x 45cm - canvas only no frame,https://nyarose.com/products/moon-and-sun-art,new,14.00 USD,in stock,https://ibb.co/DVMyPZK,pr1sun-45,Nya Rose,Home > Decor > Wall Art,orange,30x45cm,Unisex,Adult,,30 USD